<?xml version="1.0"?>
<pagescount>
	<html_total>1</html_total>
	<html_done>1</html_done>
	<images>6</images>
	<script>12</script>
	<css>10</css>
	<pdf>1</pdf>
	<documents/>
	<excel/>
	<powerpoint/>
	<flash/>
	<audios/>
	<videos>1</videos>
	<xml/>
	<json/>
	<txt/>
	<autocad/>
	<fonts>10</fonts>
	<scraping_reload>1</scraping_reload>
	<is_pretty_url>false</is_pretty_url>
	<is_ebn>false</is_ebn>
	<email>iamcrytry@gmail.com</email>
	<theme_name>WmdTheme580681</theme_name>
	<server_url_front_page>https://www6.waybackmachinedownloader.com/wdo/files/demo/bnb.cropsfarmer.online_iamcrytry_gmail.com_52yeiqjl8k/</server_url_front_page>
	<no_www_url>bnb.cropsfarmer.online</no_www_url>
	<hosted_domain/>
	<original_archive_url>https://bnb.cropsfarmer.online/</original_archive_url>
	<final_archive_url>https://bnb.cropsfarmer.online/</final_archive_url>
	<front_page_code_date/>
	<total_urls_from_api/>
	<max_reached_live>false</max_reached_live>
	<scrape_other_captures>false</scrape_other_captures>
	<total_size>27324</total_size>
</pagescount>
